category,asset_type,asset_id,asset_name,source_path,destination_path
"bosses","sprite_raw",109182,"Nihlathak","organized/sprites/raw/spriters/109182.png","potential_art/bosses/sprites/109182__Nihlathak"
"monsters_random","sprite_raw",109198,"Seige Beast","organized/sprites/raw/spriters/109198.png","potential_art/monsters_random/sprites/109198__Seige_Beast"
"bosses","sprite_extracted",109347,"Mephisto","organized/sprites/extracted/109347","potential_art/bosses/sprites/109347__Mephisto"
"monsters_random","sprite_raw",109352,"Thrall","organized/sprites/raw/spriters/109352.png","potential_art/monsters_random/sprites/109352__Thrall"
"monsters_random","sprite_raw",109998,"Wolf","organized/sprites/raw/spriters/109998.png","potential_art/monsters_random/sprites/109998__Wolf"
"bosses","sprite_raw",53197,"Baal Throne Ground","organized/sprites/raw/spriters/53197.png","potential_art/bosses/sprites/53197__Baal_Throne_Ground"
"bosses","sprite_raw",53198,"Baal Throne Wall","organized/sprites/raw/spriters/53198.png","potential_art/bosses/sprites/53198__Baal_Throne_Wall"
"classes","sprite_raw",54286,"Amazon (Light)","organized/sprites/raw/spriters/54286.gif","potential_art/classes/sprites/54286__Amazon_Light_"
"classes","sprite_raw",54287,"Amazon (Heavy)","organized/sprites/raw/spriters/54287.gif","potential_art/classes/sprites/54287__Amazon_Heavy_"
"classes","sprite_raw",54288,"Assassin (Light)","organized/sprites/raw/spriters/54288.gif","potential_art/classes/sprites/54288__Assassin_Light_"
"classes","sprite_raw",54289,"Assassin (Medium)","organized/sprites/raw/spriters/54289.gif","potential_art/classes/sprites/54289__Assassin_Medium_"
"classes","sprite_raw",54290,"Assassin (Heavy)","organized/sprites/raw/spriters/54290.gif","potential_art/classes/sprites/54290__Assassin_Heavy_"
"classes","sprite_raw",54291,"Barbarian (Light)","organized/sprites/raw/spriters/54291.gif","potential_art/classes/sprites/54291__Barbarian_Light_"
"classes","sprite_raw",54292,"Barbarian (Medium)","organized/sprites/raw/spriters/54292.gif","potential_art/classes/sprites/54292__Barbarian_Medium_"
"classes","sprite_raw",54293,"Barbarian (Heavy)","organized/sprites/raw/spriters/54293.gif","potential_art/classes/sprites/54293__Barbarian_Heavy_"
"classes","sprite_raw",54294,"Druid (Light)","organized/sprites/raw/spriters/54294.gif","potential_art/classes/sprites/54294__Druid_Light_"
"classes","sprite_raw",54295,"Druid (Medium)","organized/sprites/raw/spriters/54295.gif","potential_art/classes/sprites/54295__Druid_Medium_"
"classes","sprite_raw",54296,"Druid (Heavy)","organized/sprites/raw/spriters/54296.gif","potential_art/classes/sprites/54296__Druid_Heavy_"
"classes","sprite_raw",54297,"Necromancer (Light)","organized/sprites/raw/spriters/54297.gif","potential_art/classes/sprites/54297__Necromancer_Light_"
"classes","sprite_raw",54298,"Necromancer (Medium)","organized/sprites/raw/spriters/54298.gif","potential_art/classes/sprites/54298__Necromancer_Medium_"
"classes","sprite_raw",54299,"Necromancer (Heavy)","organized/sprites/raw/spriters/54299.gif","potential_art/classes/sprites/54299__Necromancer_Heavy_"
"classes","sprite_raw",54300,"Sorceress (Light)","organized/sprites/raw/spriters/54300.gif","potential_art/classes/sprites/54300__Sorceress_Light_"
"classes","sprite_raw",54301,"Sorceress (Heavy)","organized/sprites/raw/spriters/54301.gif","potential_art/classes/sprites/54301__Sorceress_Heavy_"
"classes","sprite_raw",54302,"Paladin (Light)","organized/sprites/raw/spriters/54302.gif","potential_art/classes/sprites/54302__Paladin_Light_"
"classes","sprite_raw",54303,"Paladin (Medium)","organized/sprites/raw/spriters/54303.gif","potential_art/classes/sprites/54303__Paladin_Medium_"
"classes","sprite_raw",54304,"Paladin (Heavy, Tower Shield)","organized/sprites/raw/spriters/54304.gif","potential_art/classes/sprites/54304__Paladin_Heavy_Tower_Shield_"
"items/armor","sprite_raw",54304,"Paladin (Heavy, Tower Shield)","organized/sprites/raw/spriters/54304.gif","potential_art/items/armor/sprites/54304__Paladin_Heavy_Tower_Shield_"
"classes","sprite_raw",54305,"Paladin (Heavy, Heraldic Shield)","organized/sprites/raw/spriters/54305.gif","potential_art/classes/sprites/54305__Paladin_Heavy_Heraldic_Shield_"
"items/armor","sprite_raw",54305,"Paladin (Heavy, Heraldic Shield)","organized/sprites/raw/spriters/54305.gif","potential_art/items/armor/sprites/54305__Paladin_Heavy_Heraldic_Shield_"
"bosses","sprite_raw",54306,"Andariel","organized/sprites/raw/spriters/54306.png","potential_art/bosses/sprites/54306__Andariel"
"monsters_random","sprite_raw",54307,"Baboon Demon","organized/sprites/raw/spriters/54307.gif","potential_art/monsters_random/sprites/54307__Baboon_Demon"
"bosses","sprite_raw",54310,"Council Member","organized/sprites/raw/spriters/54310.gif","potential_art/bosses/sprites/54310__Council_Member"
"monsters_random","sprite_raw",54311,"Hell Bovine (Battle Axe)","organized/sprites/raw/spriters/54311.gif","potential_art/monsters_random/sprites/54311__Hell_Bovine_Battle_Axe_"
"items/weapons","sprite_raw",54311,"Hell Bovine (Battle Axe)","organized/sprites/raw/spriters/54311.gif","potential_art/items/weapons/sprites/54311__Hell_Bovine_Battle_Axe_"
"items/weapons","sprite_raw",54312,"Hell Bovine (Halberd)","organized/sprites/raw/spriters/54312.gif","potential_art/items/weapons/sprites/54312__Hell_Bovine_Halberd_"
"items/weapons","sprite_raw",54313,"Hell Bovine (Pole Axe)","organized/sprites/raw/spriters/54313.gif","potential_art/items/weapons/sprites/54313__Hell_Bovine_Pole_Axe_"
"monsters_random","sprite_raw",54314,"Fallen Shaman","organized/sprites/raw/spriters/54314.png","potential_art/monsters_random/sprites/54314__Fallen_Shaman"
"monsters_random","sprite_raw",54315,"Fetish Shaman","organized/sprites/raw/spriters/54315.gif","potential_art/monsters_random/sprites/54315__Fetish_Shaman"
"monsters_random","sprite_raw",54316,"Frog Demon","organized/sprites/raw/spriters/54316.gif","potential_art/monsters_random/sprites/54316__Frog_Demon"
"monsters_random","sprite_raw",54317,"Golem (Blood)","organized/sprites/raw/spriters/54317.gif","potential_art/monsters_random/sprites/54317__Golem_Blood_"
"monsters_random","sprite_raw",54318,"Golem (Fire)","organized/sprites/raw/spriters/54318.gif","potential_art/monsters_random/sprites/54318__Golem_Fire_"
"monsters_random","sprite_raw",54319,"Golem (Metal)","organized/sprites/raw/spriters/54319.gif","potential_art/monsters_random/sprites/54319__Golem_Metal_"
"monsters_random","sprite_extracted",54320,"Greater Mummy","organized/sprites/extracted/54320","potential_art/monsters_random/sprites/54320__Greater_Mummy"
"armor_sets","sprite_raw",54321,"Griswold","organized/sprites/raw/spriters/54321.gif","potential_art/armor_sets/sprites/54321__Griswold"
"bosses","sprite_raw",54322,"Izual","organized/sprites/raw/spriters/54322.png","potential_art/bosses/sprites/54322__Izual"
"monsters_random","sprite_raw",54324,"Regurgitator","organized/sprites/raw/spriters/54324.gif","potential_art/monsters_random/sprites/54324__Regurgitator"
"monsters_random","sprite_raw",54325,"Sand Maggot","organized/sprites/raw/spriters/54325.gif","potential_art/monsters_random/sprites/54325__Sand_Maggot"
"monsters_random","sprite_raw",54326,"Sand Maggot Young","organized/sprites/raw/spriters/54326.gif","potential_art/monsters_random/sprites/54326__Sand_Maggot_Young"
"monsters_random","sprite_raw",54329,"Spider Demon","organized/sprites/raw/spriters/54329.gif","potential_art/monsters_random/sprites/54329__Spider_Demon"
"bosses","sprite_raw",54331,"The Summoner","organized/sprites/raw/spriters/54331.gif","potential_art/bosses/sprites/54331__The_Summoner"
"monsters_random","sprite_raw",54333,"Vampire","organized/sprites/raw/spriters/54333.gif","potential_art/monsters_random/sprites/54333__Vampire"
"monsters_random","sprite_raw",54336,"Vulture Demon","organized/sprites/raw/spriters/54336.gif","potential_art/monsters_random/sprites/54336__Vulture_Demon"
"bosses","sprite_raw",55535,"Diablo","organized/sprites/raw/spriters/55535.png","potential_art/bosses/sprites/55535__Diablo"
"monsters_random","sprite_raw",56418,"Maggot Wall","organized/sprites/raw/spriters/56418.png","potential_art/monsters_random/sprites/56418__Maggot_Wall"
"monsters_random","sprite_raw",56421,"Maggot Floor","organized/sprites/raw/spriters/56421.png","potential_art/monsters_random/sprites/56421__Maggot_Floor"
"monsters_random","sprite_raw",56936,"Spider Floor","organized/sprites/raw/spriters/56936.png","potential_art/monsters_random/sprites/56936__Spider_Floor"
"monsters_random","sprite_raw",56937,"Spider Walls","organized/sprites/raw/spriters/56937.png","potential_art/monsters_random/sprites/56937__Spider_Walls"
"bosses","sprite_raw",56962,"Diablo's Lair Floor","organized/sprites/raw/spriters/56962.png","potential_art/bosses/sprites/56962__Diablos_Lair_Floor"
"bosses","sprite_raw",56963,"Diablo's Lair Wall","organized/sprites/raw/spriters/56963.png","potential_art/bosses/sprites/56963__Diablos_Lair_Wall"
"bosses","sprite_raw",57236,"Nihlathak's Temple Floor","organized/sprites/raw/spriters/57236.png","potential_art/bosses/sprites/57236__Nihlathaks_Temple_Floor"
"bosses","sprite_raw",57237,"Nihlathak's Temple Walls","organized/sprites/raw/spriters/57237.png","potential_art/bosses/sprites/57237__Nihlathaks_Temple_Walls"
"bosses","sprite_raw",57337,"Worldstone Baal Lair Floor","organized/sprites/raw/spriters/57337.png","potential_art/bosses/sprites/57337__Worldstone_Baal_Lair_Floor"
"bosses","sprite_raw",57338,"Worldstone Baal Lair Wall","organized/sprites/raw/spriters/57338.png","potential_art/bosses/sprites/57338__Worldstone_Baal_Lair_Wall"
"bosses","sprite_raw",57340,"Baal's Temple Floor","organized/sprites/raw/spriters/57340.png","potential_art/bosses/sprites/57340__Baals_Temple_Floor"
"bosses","sprite_raw",57341,"Baal's Temple Wall","organized/sprites/raw/spriters/57341.png","potential_art/bosses/sprites/57341__Baals_Temple_Wall"
"items/weapons","sprite_raw",69790,"The Dark Wanderer","organized/sprites/raw/spriters/69790.png","potential_art/items/weapons/sprites/69790__The_Dark_Wanderer"
"bosses","sprite_raw",69879,"Izual's Spirit","organized/sprites/raw/spriters/69879.png","potential_art/bosses/sprites/69879__Izuals_Spirit"
"monsters_random","sprite_raw",70161,"Spider","organized/sprites/raw/spriters/70161.png","potential_art/monsters_random/sprites/70161__Spider"
"monsters_random","sprite_raw",70163,"Golem (Earth)","organized/sprites/raw/spriters/70163.png","potential_art/monsters_random/sprites/70163__Golem_Earth_"
"monsters_random","sprite_raw",70374,"Bat","organized/sprites/raw/spriters/70374.png","potential_art/monsters_random/sprites/70374__Bat"
"monsters_random","sprite_raw",70375,"Scarabs","organized/sprites/raw/spriters/70375.png","potential_art/monsters_random/sprites/70375__Scarabs"
"monsters_random","sprite_raw",70852,"Fetish (Blow Dart)","organized/sprites/raw/spriters/70852.png","potential_art/monsters_random/sprites/70852__Fetish_Blow_Dart_"
"bosses","sprite_raw",71208,"Nihlathak","organized/sprites/raw/spriters/71208.png","potential_art/bosses/sprites/71208__Nihlathak"
"monsters_random","sprite_raw",72427,"Wraith","organized/sprites/raw/spriters/72427.png","potential_art/monsters_random/sprites/72427__Wraith"
"monsters_random","sprite_raw",72428,"Wolf","organized/sprites/raw/spriters/72428.png","potential_art/monsters_random/sprites/72428__Wolf"
"classes","sprite_raw",76804,"Dead Amazon","organized/sprites/raw/spriters/76804.png","potential_art/classes/sprites/76804__Dead_Amazon"
"items/potions","sprite_raw",77104,"Mana Pool","organized/sprites/raw/spriters/77104.png","potential_art/items/potions/sprites/77104__Mana_Pool"
"armor_sets","sprite_raw",77106,"Tomb of Tal Rasha Symbols","organized/sprites/raw/spriters/77106.png","potential_art/armor_sets/sprites/77106__Tomb_of_Tal_Rasha_Symbols"
"monsters_random","sprite_raw",77192,"Mummy","organized/sprites/raw/spriters/77192.png","potential_art/monsters_random/sprites/77192__Mummy"
"items/potions","sprite_raw",77225,"Mana and Health Pylon","organized/sprites/raw/spriters/77225.png","potential_art/items/potions/sprites/77225__Mana_and_Health_Pylon"
"items/potions","sprite_raw",77226,"Health Idol","organized/sprites/raw/spriters/77226.png","potential_art/items/potions/sprites/77226__Health_Idol"
"monsters_random","sprite_raw",77272,"Rogue Fountain","organized/sprites/raw/spriters/77272.png","potential_art/monsters_random/sprites/77272__Rogue_Fountain"
"items/potions","sprite_raw",77499,"Health Pool","organized/sprites/raw/spriters/77499.png","potential_art/items/potions/sprites/77499__Health_Pool"
"items/potions","sprite_raw",77500,"Health Well","organized/sprites/raw/spriters/77500.png","potential_art/items/potions/sprites/77500__Health_Well"
"monsters_random","sprite_raw",77573,"Skeleton (Container)","organized/sprites/raw/spriters/77573.png","potential_art/monsters_random/sprites/77573__Skeleton_Container_"
"items/potions","sprite_raw",77575,"Mana Pool","organized/sprites/raw/spriters/77575.png","potential_art/items/potions/sprites/77575__Mana_Pool"
"items/potions","sprite_raw",77742,"Health Pool","organized/sprites/raw/spriters/77742.png","potential_art/items/potions/sprites/77742__Health_Pool"
"items/potions","sprite_raw",77783,"Mana Pool","organized/sprites/raw/spriters/77783.png","potential_art/items/potions/sprites/77783__Mana_Pool"
"items/potions","sprite_raw",77971,"Mana and Health Well","organized/sprites/raw/spriters/77971.png","potential_art/items/potions/sprites/77971__Mana_and_Health_Well"
"items/potions","sprite_raw",77974,"Mana and Health Shrine","organized/sprites/raw/spriters/77974.png","potential_art/items/potions/sprites/77974__Mana_and_Health_Shrine"
"items/potions","sprite_raw",78099,"Mana Well","organized/sprites/raw/spriters/78099.png","potential_art/items/potions/sprites/78099__Mana_Well"
"monsters_random","sprite_raw",78125,"Skeleton (Chest)","organized/sprites/raw/spriters/78125.png","potential_art/monsters_random/sprites/78125__Skeleton_Chest_"
"classes","sprite_raw",78126,"Dead Amazon (Burning)","organized/sprites/raw/spriters/78126.png","potential_art/classes/sprites/78126__Dead_Amazon_Burning_"
"items/potions","sprite_raw",78183,"Cave Mana and Health Pool","organized/sprites/raw/spriters/78183.png","potential_art/items/potions/sprites/78183__Cave_Mana_and_Health_Pool"
"items/potions","sprite_raw",78237,"Mana and Health Well","organized/sprites/raw/spriters/78237.png","potential_art/items/potions/sprites/78237__Mana_and_Health_Well"
"items/potions","sprite_raw",78312,"Mana and Health Source","organized/sprites/raw/spriters/78312.png","potential_art/items/potions/sprites/78312__Mana_and_Health_Source"
"armor_sets","sprite_raw",83797,"Natalya","organized/sprites/raw/spriters/83797.png","potential_art/armor_sets/sprites/83797__Natalya"
"monsters_random","sprite_raw",84128,"Rogue Mercenary","organized/sprites/raw/spriters/84128.png","potential_art/monsters_random/sprites/84128__Rogue_Mercenary"
"bosses","sprite_raw",84214,"Duriel","organized/sprites/raw/spriters/84214.png","potential_art/bosses/sprites/84214__Duriel"
"monsters_random","sprite_raw",84589,"Goatman (Battle Axe)","organized/sprites/raw/spriters/84589.png","potential_art/monsters_random/sprites/84589__Goatman_Battle_Axe_"
"items/weapons","sprite_raw",84589,"Goatman (Battle Axe)","organized/sprites/raw/spriters/84589.png","potential_art/items/weapons/sprites/84589__Goatman_Battle_Axe_"
"monsters_random","sprite_raw",84592,"Goatman (Halberd)","organized/sprites/raw/spriters/84592.png","potential_art/monsters_random/sprites/84592__Goatman_Halberd_"
"items/weapons","sprite_raw",84592,"Goatman (Halberd)","organized/sprites/raw/spriters/84592.png","potential_art/items/weapons/sprites/84592__Goatman_Halberd_"
"monsters_random","sprite_raw",84649,"Goatman (Long Mace)","organized/sprites/raw/spriters/84649.png","potential_art/monsters_random/sprites/84649__Goatman_Long_Mace_"
"items/weapons","sprite_raw",84649,"Goatman (Long Mace)","organized/sprites/raw/spriters/84649.png","potential_art/items/weapons/sprites/84649__Goatman_Long_Mace_"
"monsters_random","sprite_raw",84650,"Goatman (Axe)","organized/sprites/raw/spriters/84650.png","potential_art/monsters_random/sprites/84650__Goatman_Axe_"
"items/weapons","sprite_raw",84650,"Goatman (Axe)","organized/sprites/raw/spriters/84650.png","potential_art/items/weapons/sprites/84650__Goatman_Axe_"
"monsters_random","sprite_raw",84678,"Goatman (Scythe)","organized/sprites/raw/spriters/84678.png","potential_art/monsters_random/sprites/84678__Goatman_Scythe_"
"items/weapons","sprite_raw",84678,"Goatman (Scythe)","organized/sprites/raw/spriters/84678.png","potential_art/items/weapons/sprites/84678__Goatman_Scythe_"
"monsters_random","sprite_raw",84899,"Goatman (War Hammer)","organized/sprites/raw/spriters/84899.png","potential_art/monsters_random/sprites/84899__Goatman_War_Hammer_"
"items/weapons","sprite_raw",84899,"Goatman (War Hammer)","organized/sprites/raw/spriters/84899.png","potential_art/items/weapons/sprites/84899__Goatman_War_Hammer_"
"monsters_random","sprite_raw",84900,"Goatman (Weaponless)","organized/sprites/raw/spriters/84900.png","potential_art/monsters_random/sprites/84900__Goatman_Weaponless_"
"items/weapons","sprite_raw",84900,"Goatman (Weaponless)","organized/sprites/raw/spriters/84900.png","potential_art/items/weapons/sprites/84900__Goatman_Weaponless_"
"monsters_random","sprite_raw",86910,"Zealot Body 1","organized/sprites/raw/spriters/86910.png","potential_art/monsters_random/sprites/86910__Zealot_Body_1"
"monsters_random","sprite_raw",86911,"Zealot Body 2","organized/sprites/raw/spriters/86911.png","potential_art/monsters_random/sprites/86911__Zealot_Body_2"
"monsters_random","sprite_raw",86994,"Zealot Body 3","organized/sprites/raw/spriters/86994.png","potential_art/monsters_random/sprites/86994__Zealot_Body_3"
"monsters_random","sprite_raw",86995,"Zealot Body 4","organized/sprites/raw/spriters/86995.png","potential_art/monsters_random/sprites/86995__Zealot_Body_4"
"monsters_random","sprite_raw",86996,"Zealot Body 5","organized/sprites/raw/spriters/86996.png","potential_art/monsters_random/sprites/86996__Zealot_Body_5"
"monsters_random","sprite_raw",87034,"Zealot Body 7","organized/sprites/raw/spriters/87034.png","potential_art/monsters_random/sprites/87034__Zealot_Body_7"
"monsters_random","sprite_raw",87035,"Zealot Body 6","organized/sprites/raw/spriters/87035.png","potential_art/monsters_random/sprites/87035__Zealot_Body_6"
"monsters_random","sprite_raw",87046,"Zealot Mask 1","organized/sprites/raw/spriters/87046.png","potential_art/monsters_random/sprites/87046__Zealot_Mask_1"
"monsters_random","sprite_raw",87262,"Zealot Mask 4","organized/sprites/raw/spriters/87262.png","potential_art/monsters_random/sprites/87262__Zealot_Mask_4"
"monsters_random","sprite_raw",87263,"Zealot Mask 2","organized/sprites/raw/spriters/87263.png","potential_art/monsters_random/sprites/87263__Zealot_Mask_2"
"monsters_random","sprite_raw",87264,"Zealot Mask 3","organized/sprites/raw/spriters/87264.png","potential_art/monsters_random/sprites/87264__Zealot_Mask_3"
"monsters_random","sprite_raw",87323,"Zealot Battle Axe","organized/sprites/raw/spriters/87323.png","potential_art/monsters_random/sprites/87323__Zealot_Battle_Axe"
"items/weapons","sprite_raw",87323,"Zealot Battle Axe","organized/sprites/raw/spriters/87323.png","potential_art/items/weapons/sprites/87323__Zealot_Battle_Axe"
"monsters_random","sprite_raw",87345,"Zealot Halberd","organized/sprites/raw/spriters/87345.png","potential_art/monsters_random/sprites/87345__Zealot_Halberd"
"items/weapons","sprite_raw",87345,"Zealot Halberd","organized/sprites/raw/spriters/87345.png","potential_art/items/weapons/sprites/87345__Zealot_Halberd"
"monsters_random","sprite_raw",87441,"Zealot Blood","organized/sprites/raw/spriters/87441.png","potential_art/monsters_random/sprites/87441__Zealot_Blood"
"monsters_random","sprite_raw",87446,"Zealot Poleaxe","organized/sprites/raw/spriters/87446.png","potential_art/monsters_random/sprites/87446__Zealot_Poleaxe"
"items/weapons","sprite_raw",87446,"Zealot Poleaxe","organized/sprites/raw/spriters/87446.png","potential_art/items/weapons/sprites/87446__Zealot_Poleaxe"
"monsters_random","sprite_raw",87447,"Zealot Scythe","organized/sprites/raw/spriters/87447.png","potential_art/monsters_random/sprites/87447__Zealot_Scythe"
"items/weapons","sprite_raw",87447,"Zealot Scythe","organized/sprites/raw/spriters/87447.png","potential_art/items/weapons/sprites/87447__Zealot_Scythe"
"monsters_random","sprite_raw",87709,"Zombie Head (Heavy)","organized/sprites/raw/spriters/87709.png","potential_art/monsters_random/sprites/87709__Zombie_Head_Heavy_"
"monsters_random","sprite_raw",87748,"Zombie Arm Left (Medium)","organized/sprites/raw/spriters/87748.png","potential_art/monsters_random/sprites/87748__Zombie_Arm_Left_Medium_"
"monsters_random","sprite_raw",87757,"Zombie Head (Medium)","organized/sprites/raw/spriters/87757.png","potential_art/monsters_random/sprites/87757__Zombie_Head_Medium_"
"monsters_random","sprite_raw",87758,"Zombie Head (Light)","organized/sprites/raw/spriters/87758.png","potential_art/monsters_random/sprites/87758__Zombie_Head_Light_"
"monsters_random","sprite_raw",88031,"Zombie Arm Left (Light)","organized/sprites/raw/spriters/88031.png","potential_art/monsters_random/sprites/88031__Zombie_Arm_Left_Light_"
"monsters_random","sprite_raw",88032,"Zombie Arm Left (Heavy)","organized/sprites/raw/spriters/88032.png","potential_art/monsters_random/sprites/88032__Zombie_Arm_Left_Heavy_"
"monsters_random","sprite_raw",88033,"Zombie Torso (Heavy)","organized/sprites/raw/spriters/88033.png","potential_art/monsters_random/sprites/88033__Zombie_Torso_Heavy_"
"monsters_random","sprite_raw",88034,"Zombie Torso (Medium)","organized/sprites/raw/spriters/88034.png","potential_art/monsters_random/sprites/88034__Zombie_Torso_Medium_"
"monsters_random","sprite_raw",88035,"Zombie Torso (Light)","organized/sprites/raw/spriters/88035.png","potential_art/monsters_random/sprites/88035__Zombie_Torso_Light_"
"monsters_random","sprite_raw",88229,"Zombie Arm Right (Heavy)","organized/sprites/raw/spriters/88229.png","potential_art/monsters_random/sprites/88229__Zombie_Arm_Right_Heavy_"
"monsters_random","sprite_raw",88250,"Zombie Arm Right (Medium)","organized/sprites/raw/spriters/88250.png","potential_art/monsters_random/sprites/88250__Zombie_Arm_Right_Medium_"
"monsters_random","sprite_raw",88251,"Zombie Arm Right (Light)","organized/sprites/raw/spriters/88251.png","potential_art/monsters_random/sprites/88251__Zombie_Arm_Right_Light_"
"monsters_random","sprite_raw",88431,"Zombie Body (Heavy)","organized/sprites/raw/spriters/88431.png","potential_art/monsters_random/sprites/88431__Zombie_Body_Heavy_"
"monsters_random","sprite_raw",88432,"Zombie Body (Medium)","organized/sprites/raw/spriters/88432.png","potential_art/monsters_random/sprites/88432__Zombie_Body_Medium_"
"monsters_random","sprite_raw",88433,"Zombie Body (Light)","organized/sprites/raw/spriters/88433.png","potential_art/monsters_random/sprites/88433__Zombie_Body_Light_"
"monsters_random","sprite_raw",88566,"Zombie Shoulder Armor Right (High)","organized/sprites/raw/spriters/88566.png","potential_art/monsters_random/sprites/88566__Zombie_Shoulder_Armor_Right_High_"
"items/armor","sprite_raw",88566,"Zombie Shoulder Armor Right (High)","organized/sprites/raw/spriters/88566.png","potential_art/items/armor/sprites/88566__Zombie_Shoulder_Armor_Right_High_"
"monsters_random","sprite_raw",88567,"Zombie Shoulder Armor Right (Medium)","organized/sprites/raw/spriters/88567.png","potential_art/monsters_random/sprites/88567__Zombie_Shoulder_Armor_Right_Medium_"
"items/armor","sprite_raw",88567,"Zombie Shoulder Armor Right (Medium)","organized/sprites/raw/spriters/88567.png","potential_art/items/armor/sprites/88567__Zombie_Shoulder_Armor_Right_Medium_"
"monsters_random","sprite_raw",88568,"Zombie Shoulder Armor Right (Light)","organized/sprites/raw/spriters/88568.png","potential_art/monsters_random/sprites/88568__Zombie_Shoulder_Armor_Right_Light_"
"items/armor","sprite_raw",88568,"Zombie Shoulder Armor Right (Light)","organized/sprites/raw/spriters/88568.png","potential_art/items/armor/sprites/88568__Zombie_Shoulder_Armor_Right_Light_"
"monsters_random","sprite_raw",89238,"Zombie Emerge","organized/sprites/raw/spriters/89238.png","potential_art/monsters_random/sprites/89238__Zombie_Emerge"
"monsters_random","sprite_raw",89239,"Zombie Hair 1","organized/sprites/raw/spriters/89239.png","potential_art/monsters_random/sprites/89239__Zombie_Hair_1"
"monsters_random","sprite_raw",89240,"Zombie Hair 2","organized/sprites/raw/spriters/89240.png","potential_art/monsters_random/sprites/89240__Zombie_Hair_2"
"monsters_random","sprite_raw",89241,"Zombie Hair 3","organized/sprites/raw/spriters/89241.png","potential_art/monsters_random/sprites/89241__Zombie_Hair_3"
"monsters_random","sprite_raw",89242,"Zombie Shoulder Armor Left (High)","organized/sprites/raw/spriters/89242.png","potential_art/monsters_random/sprites/89242__Zombie_Shoulder_Armor_Left_High_"
"items/armor","sprite_raw",89242,"Zombie Shoulder Armor Left (High)","organized/sprites/raw/spriters/89242.png","potential_art/items/armor/sprites/89242__Zombie_Shoulder_Armor_Left_High_"
"monsters_random","sprite_raw",89243,"Zombie Shoulder Armor Left (Light)","organized/sprites/raw/spriters/89243.png","potential_art/monsters_random/sprites/89243__Zombie_Shoulder_Armor_Left_Light_"
"items/armor","sprite_raw",89243,"Zombie Shoulder Armor Left (Light)","organized/sprites/raw/spriters/89243.png","potential_art/items/armor/sprites/89243__Zombie_Shoulder_Armor_Left_Light_"
"monsters_random","sprite_raw",89244,"Zombie Shoulder Armor Left (Medium)","organized/sprites/raw/spriters/89244.png","potential_art/monsters_random/sprites/89244__Zombie_Shoulder_Armor_Left_Medium_"
"items/armor","sprite_raw",89244,"Zombie Shoulder Armor Left (Medium)","organized/sprites/raw/spriters/89244.png","potential_art/items/armor/sprites/89244__Zombie_Shoulder_Armor_Left_Medium_"
"monsters_random","sprite_raw",89380,"Balrog (Wide Sword)","organized/sprites/raw/spriters/89380.png","potential_art/monsters_random/sprites/89380__Balrog_Wide_Sword_"
"items/weapons","sprite_raw",89380,"Balrog (Wide Sword)","organized/sprites/raw/spriters/89380.png","potential_art/items/weapons/sprites/89380__Balrog_Wide_Sword_"
"monsters_random","sprite_raw",89381,"Balrog (Sickle Sword)","organized/sprites/raw/spriters/89381.png","potential_art/monsters_random/sprites/89381__Balrog_Sickle_Sword_"
"items/weapons","sprite_raw",89381,"Balrog (Sickle Sword)","organized/sprites/raw/spriters/89381.png","potential_art/items/weapons/sprites/89381__Balrog_Sickle_Sword_"
"monsters_random","sprite_raw",89386,"Balrog (Sword)","organized/sprites/raw/spriters/89386.png","potential_art/monsters_random/sprites/89386__Balrog_Sword_"
"items/weapons","sprite_raw",89386,"Balrog (Sword)","organized/sprites/raw/spriters/89386.png","potential_art/items/weapons/sprites/89386__Balrog_Sword_"
"monsters_random","sprite_raw",89387,"Balrog (Saber)","organized/sprites/raw/spriters/89387.png","potential_art/monsters_random/sprites/89387__Balrog_Saber_"
"monsters_random","sprite_raw",89566,"Bone Fetish (Spear)","organized/sprites/raw/spriters/89566.png","potential_art/monsters_random/sprites/89566__Bone_Fetish_Spear_"
"items/weapons","sprite_raw",89566,"Bone Fetish (Spear)","organized/sprites/raw/spriters/89566.png","potential_art/items/weapons/sprites/89566__Bone_Fetish_Spear_"
"monsters_random","sprite_raw",89567,"Bone Fetish (Knife)","organized/sprites/raw/spriters/89567.png","potential_art/monsters_random/sprites/89567__Bone_Fetish_Knife_"
"bosses","sprite_extracted",90075,"Radament","organized/sprites/extracted/90075","potential_art/bosses/sprites/90075__Radament"
"monsters_random","sprite_raw",90207,"Sand Maggot Egg","organized/sprites/raw/spriters/90207.png","potential_art/monsters_random/sprites/90207__Sand_Maggot_Egg"
"monsters_random","sprite_raw",90905,"Scarab Demon (Light Armor, Light Weapon)","organized/sprites/raw/spriters/90905.png","potential_art/monsters_random/sprites/90905__Scarab_Demon_Light_Armor_Light_Weapon_"
"items/weapons","sprite_raw",90905,"Scarab Demon (Light Armor, Light Weapon)","organized/sprites/raw/spriters/90905.png","potential_art/items/weapons/sprites/90905__Scarab_Demon_Light_Armor_Light_Weapon_"
"items/armor","sprite_raw",90905,"Scarab Demon (Light Armor, Light Weapon)","organized/sprites/raw/spriters/90905.png","potential_art/items/armor/sprites/90905__Scarab_Demon_Light_Armor_Light_Weapon_"
"monsters_random","sprite_raw",90906,"Scarab Demon (Light Armor, Heavy Weapon)","organized/sprites/raw/spriters/90906.png","potential_art/monsters_random/sprites/90906__Scarab_Demon_Light_Armor_Heavy_Weapon_"
"items/weapons","sprite_raw",90906,"Scarab Demon (Light Armor, Heavy Weapon)","organized/sprites/raw/spriters/90906.png","potential_art/items/weapons/sprites/90906__Scarab_Demon_Light_Armor_Heavy_Weapon_"
"items/armor","sprite_raw",90906,"Scarab Demon (Light Armor, Heavy Weapon)","organized/sprites/raw/spriters/90906.png","potential_art/items/armor/sprites/90906__Scarab_Demon_Light_Armor_Heavy_Weapon_"
"monsters_random","sprite_raw",90983,"Scarab Demon (Light Armor, Medium Weapon)","organized/sprites/raw/spriters/90983.png","potential_art/monsters_random/sprites/90983__Scarab_Demon_Light_Armor_Medium_Weapon_"
"items/weapons","sprite_raw",90983,"Scarab Demon (Light Armor, Medium Weapon)","organized/sprites/raw/spriters/90983.png","potential_art/items/weapons/sprites/90983__Scarab_Demon_Light_Armor_Medium_Weapon_"
"items/armor","sprite_raw",90983,"Scarab Demon (Light Armor, Medium Weapon)","organized/sprites/raw/spriters/90983.png","potential_art/items/armor/sprites/90983__Scarab_Demon_Light_Armor_Medium_Weapon_"
"monsters_random","sprite_raw",90984,"Scarab Demon (Medium Armor, Heavy Weapon)","organized/sprites/raw/spriters/90984.png","potential_art/monsters_random/sprites/90984__Scarab_Demon_Medium_Armor_Heavy_Weapon_"
"items/weapons","sprite_raw",90984,"Scarab Demon (Medium Armor, Heavy Weapon)","organized/sprites/raw/spriters/90984.png","potential_art/items/weapons/sprites/90984__Scarab_Demon_Medium_Armor_Heavy_Weapon_"
"items/armor","sprite_raw",90984,"Scarab Demon (Medium Armor, Heavy Weapon)","organized/sprites/raw/spriters/90984.png","potential_art/items/armor/sprites/90984__Scarab_Demon_Medium_Armor_Heavy_Weapon_"
"monsters_random","sprite_raw",90985,"Scarab Demon (Medium Armor, Light Weapon)","organized/sprites/raw/spriters/90985.png","potential_art/monsters_random/sprites/90985__Scarab_Demon_Medium_Armor_Light_Weapon_"
"items/weapons","sprite_raw",90985,"Scarab Demon (Medium Armor, Light Weapon)","organized/sprites/raw/spriters/90985.png","potential_art/items/weapons/sprites/90985__Scarab_Demon_Medium_Armor_Light_Weapon_"
"items/armor","sprite_raw",90985,"Scarab Demon (Medium Armor, Light Weapon)","organized/sprites/raw/spriters/90985.png","potential_art/items/armor/sprites/90985__Scarab_Demon_Medium_Armor_Light_Weapon_"
"monsters_random","sprite_raw",90986,"Scarab Demon (Medium Armor, Medium Weapon)","organized/sprites/raw/spriters/90986.png","potential_art/monsters_random/sprites/90986__Scarab_Demon_Medium_Armor_Medium_Weapon_"
"items/weapons","sprite_raw",90986,"Scarab Demon (Medium Armor, Medium Weapon)","organized/sprites/raw/spriters/90986.png","potential_art/items/weapons/sprites/90986__Scarab_Demon_Medium_Armor_Medium_Weapon_"
"items/armor","sprite_raw",90986,"Scarab Demon (Medium Armor, Medium Weapon)","organized/sprites/raw/spriters/90986.png","potential_art/items/armor/sprites/90986__Scarab_Demon_Medium_Armor_Medium_Weapon_"
"monsters_random","sprite_raw",92815,"Skeleton with Bow","organized/sprites/raw/spriters/92815.png","potential_art/monsters_random/sprites/92815__Skeleton_with_Bow"
"items/weapons","sprite_raw",92815,"Skeleton with Bow","organized/sprites/raw/spriters/92815.png","potential_art/items/weapons/sprites/92815__Skeleton_with_Bow"
"monsters_random","sprite_raw",92828,"Fallen Sabre","organized/sprites/raw/spriters/92828.png","potential_art/monsters_random/sprites/92828__Fallen_Sabre"
"monsters_random","sprite_raw",92829,"Fallen Club","organized/sprites/raw/spriters/92829.png","potential_art/monsters_random/sprites/92829__Fallen_Club"
"items/weapons","sprite_raw",92829,"Fallen Club","organized/sprites/raw/spriters/92829.png","potential_art/items/weapons/sprites/92829__Fallen_Club"
"monsters_random","sprite_raw",92830,"Fallen Axe","organized/sprites/raw/spriters/92830.png","potential_art/monsters_random/sprites/92830__Fallen_Axe"
"items/weapons","sprite_raw",92830,"Fallen Axe","organized/sprites/raw/spriters/92830.png","potential_art/items/weapons/sprites/92830__Fallen_Axe"
"monsters_random","sprite_raw",92831,"Fallen Torch","organized/sprites/raw/spriters/92831.png","potential_art/monsters_random/sprites/92831__Fallen_Torch"
"monsters_random","sprite_raw",92832,"Fallen Small Shield","organized/sprites/raw/spriters/92832.png","potential_art/monsters_random/sprites/92832__Fallen_Small_Shield"
"items/armor","sprite_raw",92832,"Fallen Small Shield","organized/sprites/raw/spriters/92832.png","potential_art/items/armor/sprites/92832__Fallen_Small_Shield"
"monsters_random","sprite_raw",92833,"Fallen Shoulder Right (Medium)","organized/sprites/raw/spriters/92833.png","potential_art/monsters_random/sprites/92833__Fallen_Shoulder_Right_Medium_"
"items/armor","sprite_raw",92833,"Fallen Shoulder Right (Medium)","organized/sprites/raw/spriters/92833.png","potential_art/items/armor/sprites/92833__Fallen_Shoulder_Right_Medium_"
"monsters_random","sprite_raw",92834,"Fallen Shoulder Right (Light)","organized/sprites/raw/spriters/92834.png","potential_art/monsters_random/sprites/92834__Fallen_Shoulder_Right_Light_"
"items/armor","sprite_raw",92834,"Fallen Shoulder Right (Light)","organized/sprites/raw/spriters/92834.png","potential_art/items/armor/sprites/92834__Fallen_Shoulder_Right_Light_"
"monsters_random","sprite_raw",92835,"Fallen Buckler","organized/sprites/raw/spriters/92835.png","potential_art/monsters_random/sprites/92835__Fallen_Buckler"
"monsters_random","sprite_raw",92836,"Fallen Blood","organized/sprites/raw/spriters/92836.png","potential_art/monsters_random/sprites/92836__Fallen_Blood"
"monsters_random","sprite_raw",92837,"Fallen Body","organized/sprites/raw/spriters/92837.png","potential_art/monsters_random/sprites/92837__Fallen_Body"
"monsters_random","sprite_raw",92872,"Balrog (Weaponless)","organized/sprites/raw/spriters/92872.png","potential_art/monsters_random/sprites/92872__Balrog_Weaponless_"
"items/weapons","sprite_raw",92872,"Balrog (Weaponless)","organized/sprites/raw/spriters/92872.png","potential_art/items/weapons/sprites/92872__Balrog_Weaponless_"
"monsters_random","sprite_raw",92875,"Balrog","organized/sprites/raw/spriters/92875.png","potential_art/monsters_random/sprites/92875__Balrog"
"monsters_random","sprite_raw",93061,"Fetish (Weaponless)","organized/sprites/raw/spriters/93061.png","potential_art/monsters_random/sprites/93061__Fetish_Weaponless_"
"items/weapons","sprite_raw",93061,"Fetish (Weaponless)","organized/sprites/raw/spriters/93061.png","potential_art/items/weapons/sprites/93061__Fetish_Weaponless_"
"monsters_random","sprite_raw",93062,"Fetish (Spear)","organized/sprites/raw/spriters/93062.png","potential_art/monsters_random/sprites/93062__Fetish_Spear_"
"items/weapons","sprite_raw",93062,"Fetish (Spear)","organized/sprites/raw/spriters/93062.png","potential_art/items/weapons/sprites/93062__Fetish_Spear_"
"monsters_random","sprite_raw",93063,"Fetish (Knife)","organized/sprites/raw/spriters/93063.png","potential_art/monsters_random/sprites/93063__Fetish_Knife_"
"monsters_random","sprite_raw",93068,"Rogue Body Light","organized/sprites/raw/spriters/93068.png","potential_art/monsters_random/sprites/93068__Rogue_Body_Light"
"monsters_random","sprite_raw",93069,"Rogue Body Medium (Unused)","organized/sprites/raw/spriters/93069.png","potential_art/monsters_random/sprites/93069__Rogue_Body_Medium_Unused_"
"monsters_random","sprite_raw",93070,"Rogue Body Medium","organized/sprites/raw/spriters/93070.png","potential_art/monsters_random/sprites/93070__Rogue_Body_Medium"
"monsters_random","sprite_raw",93071,"Rogue Head Light","organized/sprites/raw/spriters/93071.png","potential_art/monsters_random/sprites/93071__Rogue_Head_Light"
"monsters_random","sprite_raw",93072,"Rogue Head Medium","organized/sprites/raw/spriters/93072.png","potential_art/monsters_random/sprites/93072__Rogue_Head_Medium"
"monsters_random","sprite_raw",93073,"Rogue Bow (Large)","organized/sprites/raw/spriters/93073.png","potential_art/monsters_random/sprites/93073__Rogue_Bow_Large_"
"items/weapons","sprite_raw",93073,"Rogue Bow (Large)","organized/sprites/raw/spriters/93073.png","potential_art/items/weapons/sprites/93073__Rogue_Bow_Large_"
"monsters_random","sprite_raw",93074,"Rogue Body Light (Unused)","organized/sprites/raw/spriters/93074.png","potential_art/monsters_random/sprites/93074__Rogue_Body_Light_Unused_"
"monsters_random","sprite_raw",93075,"Rogue Bow (Small)","organized/sprites/raw/spriters/93075.png","potential_art/monsters_random/sprites/93075__Rogue_Bow_Small_"
"items/weapons","sprite_raw",93075,"Rogue Bow (Small)","organized/sprites/raw/spriters/93075.png","potential_art/items/weapons/sprites/93075__Rogue_Bow_Small_"
"monsters_random","sprite_raw",93150,"Rogue Left Hand","organized/sprites/raw/spriters/93150.png","potential_art/monsters_random/sprites/93150__Rogue_Left_Hand"
"monsters_random","sprite_raw",93151,"Rogue Right Hand","organized/sprites/raw/spriters/93151.png","potential_art/monsters_random/sprites/93151__Rogue_Right_Hand"
"monsters_random","sprite_raw",93152,"Rogue Left Pauldron Light","organized/sprites/raw/spriters/93152.png","potential_art/monsters_random/sprites/93152__Rogue_Left_Pauldron_Light"
"monsters_random","sprite_raw",93153,"Rogue Left Pauldron Medium","organized/sprites/raw/spriters/93153.png","potential_art/monsters_random/sprites/93153__Rogue_Left_Pauldron_Medium"
"monsters_random","sprite_raw",93252,"Rogue Right Pauldron Light","organized/sprites/raw/spriters/93252.png","potential_art/monsters_random/sprites/93252__Rogue_Right_Pauldron_Light"
"monsters_random","sprite_raw",93253,"Rogue Right Pauldron Medium","organized/sprites/raw/spriters/93253.png","potential_art/monsters_random/sprites/93253__Rogue_Right_Pauldron_Medium"
"monsters_random","sprite_extracted",93322,"Putrid Defiler","organized/sprites/extracted/93322","potential_art/monsters_random/sprites/93322__Putrid_Defiler"
"monsters_random","sprite_extracted",93971,"Thorned Hulk (Head 5)","organized/sprites/extracted/93971","potential_art/monsters_random/sprites/93971__Thorned_Hulk_Head_5_"
"monsters_random","sprite_extracted",93972,"Thorned Hulk (Head 4)","organized/sprites/extracted/93972","potential_art/monsters_random/sprites/93972__Thorned_Hulk_Head_4_"
"monsters_random","sprite_extracted",93973,"Thorned Hulk (Head 3)","organized/sprites/extracted/93973","potential_art/monsters_random/sprites/93973__Thorned_Hulk_Head_3_"
"monsters_random","sprite_extracted",93974,"Thorned Hulk (Head 2)","organized/sprites/extracted/93974","potential_art/monsters_random/sprites/93974__Thorned_Hulk_Head_2_"
"monsters_random","sprite_extracted",93975,"Thorned Hulk (Head 1)","organized/sprites/extracted/93975","potential_art/monsters_random/sprites/93975__Thorned_Hulk_Head_1_"
"monsters_random","sprite_extracted",94076,"Tentacle Beast (Tentacle)","organized/sprites/extracted/94076","potential_art/monsters_random/sprites/94076__Tentacle_Beast_Tentacle_"
"monsters_random","sprite_extracted",94077,"Tentacle Beast","organized/sprites/extracted/94077","potential_art/monsters_random/sprites/94077__Tentacle_Beast"
"monsters_random","sprite_raw",94500,"Maggot","organized/sprites/raw/spriters/94500.png","potential_art/monsters_random/sprites/94500__Maggot"
"monsters_random","sprite_raw",94523,"Sarcophagus (for Mummy)","organized/sprites/raw/spriters/94523.png","potential_art/monsters_random/sprites/94523__Sarcophagus_for_Mummy_"
"monsters_random","sprite_raw",94524,"Sand Maggot Queen","organized/sprites/raw/spriters/94524.png","potential_art/monsters_random/sprites/94524__Sand_Maggot_Queen"
"monsters_random","sprite_raw",94572,"Giant Mosquito","organized/sprites/raw/spriters/94572.png","potential_art/monsters_random/sprites/94572__Giant_Mosquito"
"monsters_random","sprite_raw",94832,"Demon Imp","organized/sprites/raw/spriters/94832.png","potential_art/monsters_random/sprites/94832__Demon_Imp"
"items/weapons","sprite_raw",94968,"Death Mauler","organized/sprites/raw/spriters/94968.png","potential_art/items/weapons/sprites/94968__Death_Mauler"
"bosses","sprite_raw",99987,"Baal's Minion (Light Weaponless)","organized/sprites/raw/spriters/99987.png","potential_art/bosses/sprites/99987__Baals_Minion_Light_Weaponless_"
"items/weapons","sprite_raw",99987,"Baal's Minion (Light Weaponless)","organized/sprites/raw/spriters/99987.png","potential_art/items/weapons/sprites/99987__Baals_Minion_Light_Weaponless_"
"bosses","sound_extracted",420236,"Andariel","organized/sounds/extracted/420236","potential_art/bosses/sounds/420236__Andariel"
"monsters_random","sound_extracted",420237,"Baboon Demons","organized/sounds/extracted/420237","potential_art/monsters_random/sounds/420237__Baboon_Demons"
"monsters_random","sound_extracted",420238,"Bat Demons","organized/sounds/extracted/420238","potential_art/monsters_random/sounds/420238__Bat_Demons"
"monsters_random","sound_extracted",420239,"Blood Golem","organized/sounds/extracted/420239","potential_art/monsters_random/sounds/420239__Blood_Golem"
"bosses","sound_extracted",420240,"Blood Raven","organized/sounds/extracted/420240","potential_art/bosses/sounds/420240__Blood_Raven"
"monsters_random","sound_extracted",420241,"Bone Fetish","organized/sounds/extracted/420241","potential_art/monsters_random/sounds/420241__Bone_Fetish"
"monsters_random","sound_extracted",420242,"Clay Golem","organized/sounds/extracted/420242","potential_art/monsters_random/sounds/420242__Clay_Golem"
"bosses","sound_extracted",420243,"Coldworm the Burrower","organized/sounds/extracted/420243","potential_art/bosses/sounds/420243__Coldworm_the_Burrower"
"monsters_random","sound_extracted",420244,"Corrupt Rogues","organized/sounds/extracted/420244","potential_art/monsters_random/sounds/420244__Corrupt_Rogues"
"monsters_random","sound_extracted",420245,"Death Beetle","organized/sounds/extracted/420245","potential_art/monsters_random/sounds/420245__Death_Beetle"
"bosses","sound_extracted",420246,"Diablo","organized/sounds/extracted/420246","potential_art/bosses/sounds/420246__Diablo"
"bosses","sound_extracted",420247,"Duriel","organized/sounds/extracted/420247","potential_art/bosses/sounds/420247__Duriel"
"monsters_random","sound_extracted",420249,"Fire Golem","organized/sounds/extracted/420249","potential_art/monsters_random/sounds/420249__Fire_Golem"
"monsters_random","sound_extracted",420250,"Frog Demons","organized/sounds/extracted/420250","potential_art/monsters_random/sounds/420250__Frog_Demons"
"monsters_random","sound_extracted",420252,"Goatman","organized/sounds/extracted/420252","potential_art/monsters_random/sounds/420252__Goatman"
"monsters_random","sound_extracted",420253,"Greater Mummy","organized/sounds/extracted/420253","potential_art/monsters_random/sounds/420253__Greater_Mummy"
"monsters_random","sound_extracted",420254,"Iron Golem","organized/sounds/extracted/420254","potential_art/monsters_random/sounds/420254__Iron_Golem"
"bosses","sound_extracted",420256,"Izual","organized/sounds/extracted/420256","potential_art/bosses/sounds/420256__Izual"
"monsters_random","sound_extracted",420258,"Megademon","organized/sounds/extracted/420258","potential_art/monsters_random/sounds/420258__Megademon"
"bosses","sound_extracted",420259,"Mephisto","organized/sounds/extracted/420259","potential_art/bosses/sounds/420259__Mephisto"
"monsters_random","sound_extracted",420260,"Mosquito Demon","organized/sounds/extracted/420260","potential_art/monsters_random/sounds/420260__Mosquito_Demon"
"monsters_random","sound_extracted",420261,"Regurgitators","organized/sounds/extracted/420261","potential_art/monsters_random/sounds/420261__Regurgitators"
"monsters_random","sound_extracted",420262,"Rogue Archers","organized/sounds/extracted/420262","potential_art/monsters_random/sounds/420262__Rogue_Archers"
"monsters_random","sound_extracted",420263,"Sand Maggot Egg","organized/sounds/extracted/420263","potential_art/monsters_random/sounds/420263__Sand_Maggot_Egg"
"monsters_random","sound_extracted",420264,"Sand Maggot Young","organized/sounds/extracted/420264","potential_art/monsters_random/sounds/420264__Sand_Maggot_Young"
"monsters_random","sound_extracted",420265,"Sand Maggot","organized/sounds/extracted/420265","potential_art/monsters_random/sounds/420265__Sand_Maggot"
"monsters_random","sound_extracted",420268,"Skeletons","organized/sounds/extracted/420268","potential_art/monsters_random/sounds/420268__Skeletons"
"monsters_random","sound_extracted",420269,"Spiders","organized/sounds/extracted/420269","potential_art/monsters_random/sounds/420269__Spiders"
"bosses","sound_extracted",420272,"The Countess","organized/sounds/extracted/420272","potential_art/bosses/sounds/420272__The_Countess"
"bosses","sound_extracted",420274,"The Summoner","organized/sounds/extracted/420274","potential_art/bosses/sounds/420274__The_Summoner"
"monsters_random","sound_extracted",420275,"Thorned Hulk","organized/sounds/extracted/420275","potential_art/monsters_random/sounds/420275__Thorned_Hulk"
"monsters_random","sound_extracted",420277,"Vampires","organized/sounds/extracted/420277","potential_art/monsters_random/sounds/420277__Vampires"
"monsters_random","sound_extracted",420280,"Vulture Demons","organized/sounds/extracted/420280","potential_art/monsters_random/sounds/420280__Vulture_Demons"
"monsters_random","sound_extracted",420282,"Wraith","organized/sounds/extracted/420282","potential_art/monsters_random/sounds/420282__Wraith"
"monsters_random","sound_extracted",420286,"Zakarum Zealot","organized/sounds/extracted/420286","potential_art/monsters_random/sounds/420286__Zakarum_Zealot"
"monsters_random","sound_extracted",420287,"Zombies","organized/sounds/extracted/420287","potential_art/monsters_random/sounds/420287__Zombies"
"bosses","sound_extracted",420288,"Baal","organized/sounds/extracted/420288","potential_art/bosses/sounds/420288__Baal"
"items/weapons","sound_extracted",420291,"Death Mauler","organized/sounds/extracted/420291","potential_art/items/weapons/sounds/420291__Death_Mauler"
"monsters_random","sound_extracted",420292,"Demon Imp","organized/sounds/extracted/420292","potential_art/monsters_random/sounds/420292__Demon_Imp"
"monsters_random","sound_extracted",420296,"Putrid Defiler","organized/sounds/extracted/420296","potential_art/monsters_random/sounds/420296__Putrid_Defiler"
"monsters_random","sound_extracted",420297,"Siege Beast","organized/sounds/extracted/420297","potential_art/monsters_random/sounds/420297__Siege_Beast"
"monsters_random","sound_extracted",420300,"Werewolf","organized/sounds/extracted/420300","potential_art/monsters_random/sounds/420300__Werewolf"
"monsters_random","sound_extracted",420304,"Impacts","organized/sounds/extracted/420304","potential_art/monsters_random/sounds/420304__Impacts"
"items/potions","sound_extracted",420305,"Items & Objects","organized/sounds/extracted/420305","potential_art/items/potions/sounds/420305__Items_and_Objects"
"items/runes","sound_extracted",420305,"Items & Objects","organized/sounds/extracted/420305","potential_art/items/runes/sounds/420305__Items_and_Objects"
"classes","sound_extracted",420306,"Amazon","organized/sounds/extracted/420306","potential_art/classes/sounds/420306__Amazon"
"classes","sound_extracted",420307,"Barbarian","organized/sounds/extracted/420307","potential_art/classes/sounds/420307__Barbarian"
"classes","sound_extracted",420308,"Paladin","organized/sounds/extracted/420308","potential_art/classes/sounds/420308__Paladin"
"classes","sound_extracted",420309,"Druid","organized/sounds/extracted/420309","potential_art/classes/sounds/420309__Druid"
"classes","sound_extracted",420310,"Sorceress","organized/sounds/extracted/420310","potential_art/classes/sounds/420310__Sorceress"
"classes","sound_extracted",420311,"Necromancer","organized/sounds/extracted/420311","potential_art/classes/sounds/420311__Necromancer"
"classes","sound_extracted",420312,"Assassin","organized/sounds/extracted/420312","potential_art/classes/sounds/420312__Assassin"
"items/weapons","sound_extracted",420313,"Weapons","organized/sounds/extracted/420313","potential_art/items/weapons/sounds/420313__Weapons"
"armor_sets","sound_extracted",420372,"Natalya","organized/sounds/extracted/420372","potential_art/armor_sets/sounds/420372__Natalya"
"bosses","sound_extracted",420385,"Nihlathak","organized/sounds/extracted/420385","potential_art/bosses/sounds/420385__Nihlathak"
"items/runes","external_pack","oga","Kenney Rune Pack","external_oga/downloads/kenney_runepack.zip","potential_art/items/runes/sprites/oga_rune_pack"
"items/potions","external_pack","oga","potion-7soul1_20201212","external_oga/downloads/potion-7soul1_20201212.zip","potential_art/items/potions/sprites/oga_potion_icons/potion-7soul1_20201212"
"items/potions","external_pack","oga","potion-arlantr_20201229","external_oga/downloads/potion-arlantr_20201229.zip","potential_art/items/potions/sprites/oga_potion_icons/potion-arlantr_20201229"
"items/potions","external_pack","oga","potion-bizmasterstudios_0","external_oga/downloads/potion-bizmasterstudios_0.zip","potential_art/items/potions/sprites/oga_potion_icons/potion-bizmasterstudios_0"
"items/potions","external_pack","oga","potion-buch","external_oga/downloads/potion-buch.zip","potential_art/items/potions/sprites/oga_potion_icons/potion-buch"
"items/potions","external_pack","oga","potion-dcss","external_oga/downloads/potion-dcss.zip","potential_art/items/potions/sprites/oga_potion_icons/potion-dcss"
"items/potions","external_pack","oga","potion-kotnaszynce_20201214","external_oga/downloads/potion-kotnaszynce_20201214.zip","potential_art/items/potions/sprites/oga_potion_icons/potion-kotnaszynce_20201214"
"items/potions","external_pack","oga","potion-melle_0","external_oga/downloads/potion-melle_0.zip","potential_art/items/potions/sprites/oga_potion_icons/potion-melle_0"
"items/potions","external_pack","oga","potion-ocal-scalable","external_oga/downloads/potion-ocal-scalable.zip","potential_art/items/potions/sprites/oga_potion_icons/potion-ocal-scalable"
"items/potions","external_pack","oga","potion-ocal","external_oga/downloads/potion-ocal.zip","potential_art/items/potions/sprites/oga_potion_icons/potion-ocal"
"items/potions","external_pack","oga","potion-rcorre","external_oga/downloads/potion-rcorre.zip","potential_art/items/potions/sprites/oga_potion_icons/potion-rcorre"
"items/potions","external_pack","oga","potion-thekingphoenix","external_oga/downloads/potion-thekingphoenix.zip","potential_art/items/potions/sprites/oga_potion_icons/potion-thekingphoenix"
"items/weapons","external_pack","oga","16x16 Weapons RPG Icons","external_oga/downloads/16x16_weapons_rpg_icons.zip","potential_art/items/weapons/sprites/oga_weapon_icons"
"items/armor","external_sheet","oga","Items Armor Health Ammo","external_oga/downloads/items_paletted.png","potential_art/items/armor/sprites/oga_items_armor_health_ammo/items_paletted.png"
"items/potions","external_sheet","oga","Items Armor Health Ammo","external_oga/downloads/items_paletted.png","potential_art/items/potions/sprites/oga_items_armor_health_ammo/items_paletted.png"
